txn_id,date,description,category,type,amount,balance
TXN01034,2024-01-01,IMPS CREDIT,TRANSFER_IN,credit,2525.4,29457.15
TXN01028,2024-01-01,HP PETROL PUMP,FUEL,debit,539.09,29088.42
TXN01015,2024-01-02,BLINKIT,GROCERY,debit,2647.43,60621.7
TXN01037,2024-01-03,NEFT TRANSFER SENT,TRANSFER_OUT,debit,12333.16,500.0
TXN01017,2024-01-03,SWIGGY DELIVERY,RESTAURANT,debit,2291.44,56727.27
TXN01031,2024-01-03,ATM WITHDRAWAL SBI,ATM_WITHDRAW,debit,8170.16,15840.32
TXN01011,2024-01-03,RELIANCE FRESH,GROCERY,debit,3121.84,69274.44
TXN01004,2024-01-04,VI MONTHLY PLAN,MOBILE_BILL,debit,370.43,78144.14
TXN01022,2024-01-04,MYNTRA SHOPPING,SHOPPING,debit,4984.25,44336.53
TXN01006,2024-01-06,LIC PREMIUM,INSURANCE,debit,1502.73,76464.2
TXN01019,2024-01-06,SWIGGY DELIVERY,RESTAURANT,debit,678.27,54111.67
TXN01000,2024-01-07,SALARY TRF,SALARY,credit,52965.43,102965.43
TXN01016,2024-01-07,RESTAURANT PAYMENT UPI,RESTAURANT,debit,1602.99,59018.71
TXN01002,2024-01-07,CAR LOAN EMI ICICI,EMI_LOAN,debit,8722.92,79903.44
TXN01018,2024-01-08,SWIGGY DELIVERY,RESTAURANT,debit,1937.33,54789.94
TXN01023,2024-01-08,AMAZON PURCHASE,SHOPPING,debit,4778.33,39558.2
TXN01027,2024-01-09,HP PETROL PUMP,FUEL,debit,1240.68,29627.51
TXN01033,2024-01-09,UPI MONEY RECEIVED,TRANSFER_IN,credit,15959.16,26931.75
TXN01012,2024-01-09,BLINKIT,GROCERY,debit,975.64,68298.8
TXN01032,2024-01-10,ATM WITHDRAWAL SBI,ATM_WITHDRAW,debit,4867.73,10972.59
TXN01001,2024-01-11,RENT TRANSFER NEFT,RENT,debit,14339.07,88626.36
TXN01003,2024-01-11,BESCOM ELECTRICITY BILL,ELECTRICITY,debit,1388.87,78514.57
TXN01030,2024-01-11,ATM WITHDRAWAL AXIS,ATM_WITHDRAW,debit,3590.74,24010.48
TXN01021,2024-01-12,SWIGGY DELIVERY,RESTAURANT,debit,2360.85,49320.78
TXN01010,2024-01-12,BIG BAZAAR,GROCERY,debit,2188.43,72396.28
TXN01036,2024-01-12,IMPS DEBIT,TRANSFER_OUT,debit,16301.38,4351.37
TXN01025,2024-01-18,FLIPKART ORDER,SHOPPING,debit,4547.69,32070.53
TXN01005,2024-01-22,AMAZON PRIME,OTT_SUBS,debit,177.21,77966.93
TXN01029,2024-01-24,BPCL FUEL PAYMENT,FUEL,debit,1487.2,27601.22
TXN01013,2024-01-25,DMART PURCHASE,GROCERY,debit,3407.21,64891.59
TXN01007,2024-01-25,IRCTC REFUND,REFUND,credit,1086.32,77550.52
TXN01026,2024-01-25,HP PETROL PUMP,FUEL,debit,1202.34,30868.19
TXN01014,2024-01-26,RELIANCE FRESH,GROCERY,debit,1622.46,63269.13
TXN01009,2024-01-28,ZEPTO ORDER,GROCERY,debit,1789.18,74584.71
TXN01020,2024-01-29,SWIGGY DELIVERY,RESTAURANT,debit,2430.04,51681.63
TXN01024,2024-01-30,AMAZON PURCHASE,SHOPPING,debit,2939.98,36618.22
TXN01035,2024-01-30,IMPS DEBIT,TRANSFER_OUT,debit,8804.4,20652.75
TXN01008,2024-01-31,BLINKIT,GROCERY,debit,1176.63,76373.89
TXN01064,2024-02-01,INDIAN OIL FUEL,FUEL,debit,2085.88,500.0
TXN01070,2024-02-01,PRACTO CONSULTATION,MEDICAL,debit,1630.38,500.0
TXN01075,2024-02-01,IMPS DEBIT,TRANSFER_OUT,debit,10541.73,500.0
TXN01065,2024-02-02,INDIAN OIL FUEL,FUEL,debit,1827.34,500.0
TXN01044,2024-02-04,HEALTH INSURANCE BAJAJ,INSURANCE,debit,4676.48,23444.29
TXN01039,2024-02-05,RENT TRANSFER NEFT,RENT,debit,13683.83,38948.62
TXN01061,2024-02-05,AMAZON PURCHASE,SHOPPING,debit,2636.3,500.0
TXN01066,2024-02-06,BPCL FUEL PAYMENT,FUEL,debit,1105.14,500.0
TXN01071,2024-02-06,IMPS CREDIT,TRANSFER_IN,credit,17699.51,18199.51
TXN01068,2024-02-06,ATM CASH HDFC,ATM_WITHDRAW,debit,4942.27,500.0
TXN01069,2024-02-06,ATM WITHDRAWAL AXIS,ATM_WITHDRAW,debit,5190.6,500.0
TXN01060,2024-02-07,AMAZON PURCHASE,SHOPPING,debit,4229.36,500.0
TXN01051,2024-02-07,LARGE SUSPICIOUS TRANSFER,SUSPICIOUS,debit,71355.88,9384.45
TXN01054,2024-02-07,RESTAURANT PAYMENT UPI,RESTAURANT,debit,578.71,5246.07
TXN01043,2024-02-07,NETFLIX SUBSCRIPTION,OTT_SUBS,debit,386.69,28120.77
TXN01055,2024-02-09,ZOMATO ORDER,RESTAURANT,debit,1315.11,3930.96
TXN01047,2024-02-10,BIG BAZAAR,GROCERY,debit,2981.93,18219.21
TXN01067,2024-02-11,ATM WITHDRAWAL SBI,ATM_WITHDRAW,debit,4957.24,500.0
TXN01049,2024-02-12,ZEPTO ORDER,GROCERY,debit,1303.74,13762.53
TXN01045,2024-02-13,ZEPTO ORDER,GROCERY,debit,1007.85,22436.44
TXN01040,2024-02-14,EMI HDFC HOME LOAN,EMI_LOAN,debit,8746.9,30201.72
TXN01041,2024-02-15,UPPCL BILL PAYMENT,ELECTRICITY,debit,1341.31,28860.41
TXN01038,2024-02-15,SALARY CREDIT HDFC BANK,SALARY,credit,52132.45,52632.45
TXN01056,2024-02-19,RESTAURANT PAYMENT UPI,RESTAURANT,debit,819.65,3111.31
TXN01046,2024-02-19,DMART PURCHASE,GROCERY,debit,1235.3,21201.14
TXN01072,2024-02-20,IMPS CREDIT,TRANSFER_IN,credit,8823.01,27022.52
TXN01074,2024-02-20,NEFT TRANSFER SENT,TRANSFER_OUT,debit,16484.15,500.0
TXN01058,2024-02-20,ZOMATO ORDER,RESTAURANT,debit,1036.35,1131.59
TXN01053,2024-02-20,RESTAURANT PAYMENT UPI,RESTAURANT,debit,1010.91,5824.78
TXN01048,2024-02-21,BLINKIT,GROCERY,debit,3152.94,15066.27
TXN01052,2024-02-25,BIG BAZAAR,GROCERY,debit,2548.76,6835.69
TXN01059,2024-02-26,FLIPKART ORDER,SHOPPING,debit,7718.35,500.0
TXN01050,2024-02-26,BIG BAZAAR,GROCERY,debit,1129.64,12632.89
TXN01073,2024-02-26,IMPS DEBIT,TRANSFER_OUT,debit,13290.23,13732.29
TXN01062,2024-02-27,FLIPKART ORDER,SHOPPING,debit,5071.73,500.0
TXN01057,2024-02-27,ZOMATO ORDER,RESTAURANT,debit,943.37,2167.94
TXN01042,2024-02-28,VI MONTHLY PLAN,MOBILE_BILL,debit,352.95,28507.46
TXN01063,2024-02-28,HP PETROL PUMP,FUEL,debit,628.7,500.0
TXN01090,2024-03-01,RELIANCE FRESH,GROCERY,debit,848.8,20565.77
TXN01084,2024-03-01,ZEPTO ORDER,GROCERY,debit,2533.49,32671.31
TXN01097,2024-03-01,ZOMATO ORDER,RESTAURANT,debit,1526.88,8746.97
TXN01081,2024-03-02,AMAZON PRIME,OTT_SUBS,debit,647.13,28420.69
TXN01079,2024-03-03,UPPCL BILL PAYMENT,ELECTRICITY,debit,1042.83,29857.9
TXN01102,2024-03-03,HP PETROL PUMP,FUEL,debit,2369.3,500.0
TXN01114,2024-03-03,NEFT TRANSFER SENT,TRANSFER_OUT,debit,7148.97,500.0
TXN01087,2024-03-03,DMART PURCHASE,GROCERY,debit,3428.89,27181.19
TXN01099,2024-03-04,AMAZON PURCHASE,SHOPPING,debit,682.37,5838.21
TXN01098,2024-03-05,MYNTRA SHOPPING,SHOPPING,debit,2226.39,6520.58
TXN01112,2024-03-09,IMPS DEBIT,TRANSFER_OUT,debit,17859.62,14858.74
TXN01083,2024-03-09,UPWORK TRANSFER,FREELANCE,credit,10238.14,35204.8
TXN01082,2024-03-12,HEALTH INSURANCE BAJAJ,INSURANCE,debit,3454.03,24966.66
TXN01095,2024-03-13,RESTAURANT PAYMENT UPI,RESTAURANT,debit,1319.51,12301.92
TXN01094,2024-03-14,SWIGGY DELIVERY,RESTAURANT,debit,1556.7,13621.43
TXN01088,2024-03-14,ZEPTO ORDER,GROCERY,debit,2281.58,24899.61
TXN01109,2024-03-15,MEDPLUS CHEMIST,MEDICAL,debit,7925.4,500.0
TXN01089,2024-03-16,BLINKIT,GROCERY,debit,3485.04,21414.57
TXN01091,2024-03-16,ZEPTO ORDER,GROCERY,debit,2815.53,17750.24
TXN01100,2024-03-17,FLIPKART ORDER,SHOPPING,debit,7959.13,500.0
TXN01092,2024-03-17,RESTAURANT PAYMENT UPI,RESTAURANT,debit,908.54,16841.7
TXN01085,2024-03-17,BLINKIT,GROCERY,debit,1236.4,31434.91
TXN01107,2024-03-18,ATM WITHDRAWAL AXIS,ATM_WITHDRAW,debit,6454.41,500.0
TXN01076,2024-03-18,SALARY TRF,SALARY,credit,53377.1,53877.1
TXN01093,2024-03-19,SWIGGY DELIVERY,RESTAURANT,debit,1663.57,15178.13
TXN01105,2024-03-20,HP PETROL PUMP,FUEL,debit,1236.12,500.0
TXN01104,2024-03-21,HP PETROL PUMP,FUEL,debit,1930.73,500.0
TXN01108,2024-03-22,ATM CASH HDFC,ATM_WITHDRAW,debit,7568.24,500.0
TXN01078,2024-03-23,PERSONAL LOAN EMI,EMI_LOAN,debit,8770.72,30900.73
TXN01106,2024-03-23,ATM WITHDRAWAL AXIS,ATM_WITHDRAW,debit,4147.8,500.0
TXN01103,2024-03-24,INDIAN OIL FUEL,FUEL,debit,1326.88,500.0
TXN01111,2024-03-26,NEFT TRANSFER RECEIVED,TRANSFER_IN,credit,18778.45,32718.36
TXN01080,2024-03-26,JIO RECHARGE,MOBILE_BILL,debit,790.08,29067.82
TXN01096,2024-03-27,SWIGGY DELIVERY,RESTAURANT,debit,2028.07,10273.85
TXN01077,2024-03-28,HOUSE RENT PAYMENT UPI,RENT,debit,14205.65,39671.45
TXN01101,2024-03-29,FLIPKART ORDER,SHOPPING,debit,2596.7,500.0
TXN01113,2024-03-29,UPI PAYMENT SENT,TRANSFER_OUT,debit,8116.24,6742.5
TXN01086,2024-03-30,BIG BAZAAR,GROCERY,debit,824.83,30610.08
TXN01110,2024-03-31,UPI MONEY RECEIVED,TRANSFER_IN,credit,13439.91,13939.91
TXN01149,2024-04-01,NEFT TRANSFER RECEIVED,TRANSFER_IN,credit,13945.06,14445.06
TXN01133,2024-04-01,ZOMATO ORDER,RESTAURANT,debit,598.58,5631.93
TXN01151,2024-04-02,IMPS DEBIT,TRANSFER_OUT,debit,1636.27,28589.22
TXN01153,2024-04-03,NEFT TRANSFER SENT,TRANSFER_OUT,debit,16438.92,500.0
TXN01116,2024-04-04,RENT TRANSFER NEFT,RENT,debit,14394.89,36218.53
TXN01150,2024-04-04,IMPS CREDIT,TRANSFER_IN,credit,15780.43,30225.49
TXN01145,2024-04-04,ATM CASH HDFC,ATM_WITHDRAW,debit,3385.61,500.0
TXN01140,2024-04-05,AMAZON PURCHASE,SHOPPING,debit,1401.23,500.0
TXN01146,2024-04-05,ATM CASH HDFC,ATM_WITHDRAW,debit,5188.04,500.0
TXN01131,2024-04-05,SWIGGY DELIVERY,RESTAURANT,debit,623.97,7415.63
TXN01123,2024-04-05,RELIANCE FRESH,GROCERY,debit,2210.06,20416.72
TXN01125,2024-04-07,RELIANCE FRESH,GROCERY,debit,1030.44,18003.56
TXN01137,2024-04-07,AMAZON PURCHASE,SHOPPING,debit,5428.33,500.0
TXN01117,2024-04-08,PERSONAL LOAN EMI,EMI_LOAN,debit,8850.98,27367.55
TXN01148,2024-04-10,MEDPLUS CHEMIST,MEDICAL,debit,5193.95,500.0
TXN01122,2024-04-10,SAVINGS INTEREST CREDIT,INTEREST,credit,693.56,22626.78
TXN01118,2024-04-12,BESCOM ELECTRICITY BILL,ELECTRICITY,debit,2029.93,25337.62
TXN01139,2024-04-12,MYNTRA SHOPPING,SHOPPING,debit,4745.28,500.0
TXN01141,2024-04-14,BPCL FUEL PAYMENT,FUEL,debit,729.5,500.0
TXN01134,2024-04-15,SWIGGY DELIVERY,RESTAURANT,debit,775.56,4856.37
TXN01129,2024-04-17,ZEPTO ORDER,GROCERY,debit,1876.82,10848.52
TXN01142,2024-04-17,INDIAN OIL FUEL,FUEL,debit,1278.53,500.0
TXN01128,2024-04-18,ZEPTO ORDER,GROCERY,debit,2194.01,12725.34
TXN01126,2024-04-20,ZEPTO ORDER,GROCERY,debit,1910.66,16092.9
TXN01152,2024-04-20,UPI PAYMENT SENT,TRANSFER_OUT,debit,14811.38,13777.84
TXN01143,2024-04-20,INDIAN OIL FUEL,FUEL,debit,938.33,500.0
TXN01136,2024-04-21,ZOMATO ORDER,RESTAURANT,debit,1668.02,1344.78
TXN01120,2024-04-22,AMAZON PRIME,OTT_SUBS,debit,313.08,24436.11
TXN01135,2024-04-22,ZOMATO ORDER,RESTAURANT,debit,1843.57,3012.8
TXN01138,2024-04-22,MYNTRA SHOPPING,SHOPPING,debit,5975.29,500.0
TXN01147,2024-04-22,ATM CASH HDFC,ATM_WITHDRAW,debit,7080.75,500.0
TXN01132,2024-04-23,ZOMATO ORDER,RESTAURANT,debit,1185.12,6230.51
TXN01127,2024-04-23,RELIANCE FRESH,GROCERY,debit,1173.55,14919.35
TXN01144,2024-04-26,BPCL FUEL PAYMENT,FUEL,debit,1729.04,500.0
TXN01119,2024-04-28,VI MONTHLY PLAN,MOBILE_BILL,debit,588.43,24749.19
TXN01124,2024-04-28,LARGE SUSPICIOUS TRANSFER,SUSPICIOUS,debit,65395.1,19034.0
TXN01130,2024-04-28,DMART PURCHASE,GROCERY,debit,2808.92,8039.6
TXN01115,2024-04-28,SALARY CREDIT HDFC BANK,SALARY,credit,50113.42,50613.42
TXN01121,2024-04-30,TERM INSURANCE HDFC,INSURANCE,debit,2502.89,21933.22
TXN01189,2024-05-01,NEFT TRANSFER RECEIVED,TRANSFER_IN,credit,22128.64,22628.64
TXN01158,2024-05-02,AIRTEL BILL PAYMENT,MOBILE_BILL,debit,318.48,27504.82
TXN01161,2024-05-02,UPWORK TRANSFER,FREELANCE,credit,8910.42,33249.07
TXN01159,2024-05-03,AMAZON PRIME,OTT_SUBS,debit,317.28,27187.54
TXN01182,2024-05-03,BPCL FUEL PAYMENT,FUEL,debit,2719.26,500.0
TXN01191,2024-05-04,IMPS DEBIT,TRANSFER_OUT,debit,9405.24,36008.05
TXN01163,2024-05-04,RELIANCE FRESH,GROCERY,debit,1928.45,31729.62
TXN01188,2024-05-05,APOLLO PHARMACY,MEDICAL,debit,2249.21,500.0
TXN01174,2024-05-07,RESTAURANT PAYMENT UPI,RESTAURANT,debit,2400.64,8757.01
TXN01193,2024-05-07,UPI PAYMENT SENT,TRANSFER_OUT,debit,11181.33,5175.19
TXN01156,2024-05-08,EMI HDFC HOME LOAN,EMI_LOAN,debit,8952.68,28845.18
TXN01160,2024-05-08,TERM INSURANCE HDFC,INSURANCE,debit,2848.89,24338.65
TXN01165,2024-05-09,ZEPTO ORDER,GROCERY,debit,2335.0,27115.1
TXN01173,2024-05-09,ZOMATO ORDER,RESTAURANT,debit,2148.43,11157.65
TXN01184,2024-05-10,HP PETROL PUMP,FUEL,debit,2592.41,500.0
TXN01183,2024-05-11,HP PETROL PUMP,FUEL,debit,792.67,500.0
TXN01177,2024-05-12,MYNTRA SHOPPING,SHOPPING,debit,2964.98,3041.7
TXN01155,2024-05-12,RENT TRANSFER NEFT,RENT,debit,13158.31,37797.86
TXN01168,2024-05-12,RELIANCE FRESH,GROCERY,debit,1958.28,20906.33
TXN01157,2024-05-13,UPPCL BILL PAYMENT,ELECTRICITY,debit,1021.88,27823.3
TXN01186,2024-05-13,ATM WITHDRAWAL SBI,ATM_WITHDRAW,debit,3780.61,500.0
TXN01181,2024-05-14,HP PETROL PUMP,FUEL,debit,1873.82,500.0
TXN01179,2024-05-16,AMAZON PURCHASE,SHOPPING,debit,6422.14,500.0
TXN01171,2024-05-16,ZOMATO ORDER,RESTAURANT,debit,1096.12,13736.05
TXN01176,2024-05-16,RESTAURANT PAYMENT UPI,RESTAURANT,debit,1231.42,6006.68
TXN01166,2024-05-17,BLINKIT,GROCERY,debit,2775.45,24339.65
TXN01167,2024-05-18,RELIANCE FRESH,GROCERY,debit,1475.04,22864.61
TXN01187,2024-05-18,ATM CASH HDFC,ATM_WITHDRAW,debit,9135.18,500.0
TXN01192,2024-05-19,UPI PAYMENT SENT,TRANSFER_OUT,debit,19651.53,16356.52
TXN01175,2024-05-20,RESTAURANT PAYMENT UPI,RESTAURANT,debit,1518.91,7238.1
TXN01178,2024-05-21,MYNTRA SHOPPING,SHOPPING,debit,6142.81,500.0
TXN01180,2024-05-21,MYNTRA SHOPPING,SHOPPING,debit,4208.15,500.0
TXN01162,2024-05-21,INTEREST CREDIT SB AC,INTEREST,credit,409.0,33658.07
TXN01169,2024-05-23,BIG BAZAAR,GROCERY,debit,2837.27,18069.06
TXN01164,2024-05-25,RELIANCE FRESH,GROCERY,debit,2279.52,29450.1
TXN01172,2024-05-27,ZOMATO ORDER,RESTAURANT,debit,429.97,13306.08
TXN01185,2024-05-29,ATM CASH HDFC,ATM_WITHDRAW,debit,8707.85,500.0
TXN01154,2024-05-29,SALARY CREDIT HDFC BANK,SALARY,credit,50456.17,50956.17
TXN01170,2024-05-30,BLINKIT,GROCERY,debit,3236.89,14832.17
TXN01190,2024-05-31,NEFT TRANSFER RECEIVED,TRANSFER_IN,credit,22784.65,45413.29
TXN01213,2024-06-01,ZOMATO ORDER,RESTAURANT,debit,1145.78,5580.21
TXN01232,2024-06-01,UPI PAYMENT SENT,TRANSFER_OUT,debit,17120.82,500.0
TXN01227,2024-06-05,ATM WITHDRAWAL SBI,ATM_WITHDRAW,debit,9973.09,500.0
TXN01211,2024-06-05,RESTAURANT PAYMENT UPI,RESTAURANT,debit,2441.11,7000.32
TXN01200,2024-06-06,TERM INSURANCE HDFC,INSURANCE,debit,3027.18,25171.84
TXN01197,2024-06-09,BESCOM ELECTRICITY BILL,ELECTRICITY,debit,1816.32,28908.63
TXN01230,2024-06-09,IMPS DEBIT,TRANSFER_OUT,debit,4099.83,27010.9
TXN01224,2024-06-09,HP PETROL PUMP,FUEL,debit,1537.05,500.0
TXN01207,2024-06-12,BLINKIT,GROCERY,debit,3388.5,16838.15
TXN01195,2024-06-13,HOUSE RENT PAYMENT UPI,RENT,debit,12034.06,39253.1
TXN01231,2024-06-13,UPI PAYMENT SENT,TRANSFER_OUT,debit,15548.19,11462.71
TXN01198,2024-06-13,JIO RECHARGE,MOBILE_BILL,debit,417.75,28490.88
TXN01201,2024-06-13,FREELANCE PAYMENT RAZORPAY,FREELANCE,credit,5647.4,30819.24
TXN01219,2024-06-13,AMAZON PURCHASE,SHOPPING,debit,1736.26,500.0
TXN01215,2024-06-14,SWIGGY DELIVERY,RESTAURANT,debit,375.26,4381.75
TXN01217,2024-06-15,FLIPKART ORDER,SHOPPING,debit,7393.82,500.0
TXN01204,2024-06-15,BIG BAZAAR,GROCERY,debit,2499.38,25698.52
TXN01206,2024-06-16,ZEPTO ORDER,GROCERY,debit,2790.17,20226.65
TXN01223,2024-06-17,INDIAN OIL FUEL,FUEL,debit,2595.82,500.0
TXN01221,2024-06-17,INDIAN OIL FUEL,FUEL,debit,1441.85,500.0
TXN01216,2024-06-18,ZOMATO ORDER,RESTAURANT,debit,1158.27,3223.48
TXN01229,2024-06-19,UPI MONEY RECEIVED,TRANSFER_IN,credit,6936.35,31110.73
TXN01194,2024-06-19,SALARY TRF,SALARY,credit,46111.97,51287.16
TXN01203,2024-06-19,DMART PURCHASE,GROCERY,debit,3417.12,28197.9
TXN01205,2024-06-21,ZEPTO ORDER,GROCERY,debit,2681.7,23016.82
TXN01225,2024-06-21,ATM CASH HDFC,ATM_WITHDRAW,debit,2451.0,500.0
TXN01202,2024-06-21,INTEREST CREDIT SB AC,INTEREST,credit,795.78,31615.02
TXN01228,2024-06-21,UPI MONEY RECEIVED,TRANSFER_IN,credit,23674.38,24174.38
TXN01212,2024-06-22,ZOMATO ORDER,RESTAURANT,debit,274.33,6725.99
TXN01220,2024-06-22,MYNTRA SHOPPING,SHOPPING,debit,6579.15,500.0
TXN01218,2024-06-24,MYNTRA SHOPPING,SHOPPING,debit,7074.96,500.0
TXN01208,2024-06-24,DMART PURCHASE,GROCERY,debit,2474.36,14363.79
TXN01222,2024-06-25,BPCL FUEL PAYMENT,FUEL,debit,2924.79,500.0
TXN01199,2024-06-28,NETFLIX SUBSCRIPTION,OTT_SUBS,debit,291.86,28199.02
TXN01214,2024-06-28,ZOMATO ORDER,RESTAURANT,debit,823.2,4757.01
TXN01226,2024-06-28,ATM WITHDRAWAL AXIS,ATM_WITHDRAW,debit,8503.21,500.0
TXN01209,2024-06-28,DMART PURCHASE,GROCERY,debit,2546.49,11817.3
TXN01210,2024-06-28,BLINKIT,GROCERY,debit,2375.87,9441.43
TXN01196,2024-06-30,EMI HDFC HOME LOAN,EMI_LOAN,debit,8528.15,30724.95
TXN01259,2024-07-01,INDIAN OIL FUEL,FUEL,debit,1836.06,500.0
TXN01249,2024-07-02,SWIGGY DELIVERY,RESTAURANT,debit,1627.85,500.0
TXN01266,2024-07-03,IMPS CREDIT,TRANSFER_IN,credit,5428.5,5928.5
TXN01254,2024-07-03,MYNTRA SHOPPING,SHOPPING,debit,7057.38,500.0
TXN01265,2024-07-04,APOLLO PHARMACY,MEDICAL,debit,6546.51,500.0
TXN01257,2024-07-05,FLIPKART ORDER,SHOPPING,debit,3088.12,500.0
TXN01237,2024-07-05,VI MONTHLY PLAN,MOBILE_BILL,debit,343.2,23508.75
TXN01240,2024-07-06,DMART PURCHASE,GROCERY,debit,2466.61,17626.28
TXN01241,2024-07-06,DMART PURCHASE,GROCERY,debit,2441.84,15184.44
TXN01244,2024-07-06,BLINKIT,GROCERY,debit,2017.46,8107.71
TXN01247,2024-07-10,DMART PURCHASE,GROCERY,debit,3301.79,500.0
TXN01264,2024-07-11,ATM WITHDRAWAL SBI,ATM_WITHDRAW,debit,9366.98,500.0
TXN01253,2024-07-11,ZOMATO ORDER,RESTAURANT,debit,519.3,500.0
TXN01236,2024-07-12,UPPCL BILL PAYMENT,ELECTRICITY,debit,1924.58,23851.95
TXN01250,2024-07-13,RESTAURANT PAYMENT UPI,RESTAURANT,debit,681.0,500.0
TXN01260,2024-07-14,INDIAN OIL FUEL,FUEL,debit,1410.67,500.0
TXN01269,2024-07-14,NEFT TRANSFER SENT,TRANSFER_OUT,debit,12100.83,500.0
TXN01268,2024-07-14,LARGE SUSPICIOUS TRANSFER,SUSPICIOUS,debit,84848.76,500.0
TXN01239,2024-07-15,LIC PREMIUM,INSURANCE,debit,2971.88,20092.89
TXN01267,2024-07-15,UPI MONEY RECEIVED,TRANSFER_IN,credit,9891.33,15819.83
TXN01251,2024-07-16,RESTAURANT PAYMENT UPI,RESTAURANT,debit,985.6,500.0
TXN01248,2024-07-17,ZOMATO ORDER,RESTAURANT,debit,793.96,500.0
TXN01246,2024-07-17,BLINKIT,GROCERY,debit,3363.71,2264.37
TXN01235,2024-07-22,PERSONAL LOAN EMI,EMI_LOAN,debit,8915.69,25776.53
TXN01263,2024-07-22,ATM CASH HDFC,ATM_WITHDRAW,debit,2654.07,500.0
TXN01252,2024-07-25,RESTAURANT PAYMENT UPI,RESTAURANT,debit,1258.27,500.0
TXN01238,2024-07-25,HOTSTAR SUBSCRIPTION,OTT_SUBS,debit,443.98,23064.77
TXN01256,2024-07-26,AMAZON PURCHASE,SHOPPING,debit,2178.87,500.0
TXN01234,2024-07-26,HOUSE RENT PAYMENT UPI,RENT,debit,13494.5,34692.22
TXN01270,2024-07-26,IMPS DEBIT,TRANSFER_OUT,debit,1880.4,500.0
TXN01261,2024-07-26,HP PETROL PUMP,FUEL,debit,2225.99,500.0
TXN01262,2024-07-26,ATM WITHDRAWAL SBI,ATM_WITHDRAW,debit,8395.28,500.0
TXN01233,2024-07-28,SALARY TRF,SALARY,credit,47686.72,48186.72
TXN01255,2024-07-29,AMAZON PURCHASE,SHOPPING,debit,7798.33,500.0
TXN01258,2024-07-29,INDIAN OIL FUEL,FUEL,debit,579.51,500.0
TXN01245,2024-07-30,ZEPTO ORDER,GROCERY,debit,2479.63,5628.08
TXN01242,2024-07-30,ZEPTO ORDER,GROCERY,debit,2298.0,12886.44
TXN01243,2024-07-31,BIG BAZAAR,GROCERY,debit,2761.27,10125.17
TXN01285,2024-08-01,RELIANCE FRESH,GROCERY,debit,820.34,9630.8
TXN01283,2024-08-02,ZEPTO ORDER,GROCERY,debit,1459.75,12143.08
TXN01274,2024-08-03,UPPCL BILL PAYMENT,ELECTRICITY,debit,1295.75,27893.45
TXN01278,2024-08-03,DMART PURCHASE,GROCERY,debit,2551.82,21717.65
TXN01292,2024-08-04,FLIPKART ORDER,SHOPPING,debit,539.75,4083.75
TXN01282,2024-08-05,DMART PURCHASE,GROCERY,debit,1780.32,13602.83
TXN01286,2024-08-06,SWIGGY DELIVERY,RESTAURANT,debit,1040.32,8590.48
TXN01297,2024-08-06,BPCL FUEL PAYMENT,FUEL,debit,2919.99,500.0
TXN01291,2024-08-06,RESTAURANT PAYMENT UPI,RESTAURANT,debit,1115.07,4623.5
TXN01276,2024-08-07,HOTSTAR SUBSCRIPTION,OTT_SUBS,debit,310.04,26915.71
TXN01271,2024-08-07,SALARY TRF,SALARY,credit,51871.66,52371.66
TXN01290,2024-08-08,RESTAURANT PAYMENT UPI,RESTAURANT,debit,1803.01,5738.57
TXN01306,2024-08-09,IMPS DEBIT,TRANSFER_OUT,debit,19245.47,500.0
TXN01303,2024-08-10,UPI MONEY RECEIVED,TRANSFER_IN,credit,14166.47,14666.47
TXN01287,2024-08-11,SWIGGY DELIVERY,RESTAURANT,debit,402.14,8188.34
TXN01302,2024-08-11,ATM CASH HDFC,ATM_WITHDRAW,debit,6751.06,500.0
TXN01281,2024-08-12,BIG BAZAAR,GROCERY,debit,1144.47,15383.15
TXN01304,2024-08-12,UPI MONEY RECEIVED,TRANSFER_IN,credit,5841.53,20508.0
TXN01299,2024-08-12,INDIAN OIL FUEL,FUEL,debit,787.09,500.0
TXN01273,2024-08-13,PERSONAL LOAN EMI,EMI_LOAN,debit,8933.61,29189.2
TXN01284,2024-08-13,BIG BAZAAR,GROCERY,debit,1691.94,10451.14
TXN01300,2024-08-14,ATM WITHDRAWAL SBI,ATM_WITHDRAW,debit,4309.04,500.0
TXN01272,2024-08-14,HOUSE RENT PAYMENT UPI,RENT,debit,14248.85,38122.81
TXN01307,2024-08-15,IMPS DEBIT,TRANSFER_OUT,debit,12317.83,500.0
TXN01280,2024-08-15,BIG BAZAAR,GROCERY,debit,2812.69,16527.62
TXN01295,2024-08-15,FLIPKART ORDER,SHOPPING,debit,4512.78,500.0
TXN01279,2024-08-15,DMART PURCHASE,GROCERY,debit,2377.34,19340.31
TXN01293,2024-08-17,FLIPKART ORDER,SHOPPING,debit,4180.62,500.0
TXN01296,2024-08-19,HP PETROL PUMP,FUEL,debit,2596.46,500.0
TXN01294,2024-08-19,FLIPKART ORDER,SHOPPING,debit,6656.46,500.0
TXN01298,2024-08-20,HP PETROL PUMP,FUEL,debit,1769.03,500.0
TXN01305,2024-08-20,NEFT TRANSFER SENT,TRANSFER_OUT,debit,7111.38,13396.62
TXN01277,2024-08-22,LIC PREMIUM,INSURANCE,debit,2646.24,24269.47
TXN01289,2024-08-23,RESTAURANT PAYMENT UPI,RESTAURANT,debit,318.76,7541.58
TXN01275,2024-08-25,AIRTEL BILL PAYMENT,MOBILE_BILL,debit,667.7,27225.75
TXN01301,2024-08-30,ATM WITHDRAWAL SBI,ATM_WITHDRAW,debit,3234.9,500.0
TXN01288,2024-08-31,ZOMATO ORDER,RESTAURANT,debit,328.0,7860.34
TXN01324,2024-09-01,RESTAURANT PAYMENT UPI,RESTAURANT,debit,1426.96,1282.14
TXN01334,2024-09-02,BPCL FUEL PAYMENT,FUEL,debit,530.51,500.0
TXN01308,2024-09-03,SALARY CREDIT HDFC BANK,SALARY,credit,48488.68,48988.68
TXN01312,2024-09-03,AIRTEL BILL PAYMENT,MOBILE_BILL,debit,762.22,24164.95
TXN01328,2024-09-04,SWIGGY DELIVERY,RESTAURANT,debit,1510.75,500.0
TXN01329,2024-09-05,ZOMATO ORDER,RESTAURANT,debit,2216.56,500.0
TXN01309,2024-09-05,HOUSE RENT PAYMENT UPI,RENT,debit,14491.86,34496.82
TXN01338,2024-09-06,ATM WITHDRAWAL AXIS,ATM_WITHDRAW,debit,5206.81,500.0
TXN01321,2024-09-07,ZEPTO ORDER,GROCERY,debit,1115.62,8425.45
TXN01322,2024-09-07,DMART PURCHASE,GROCERY,debit,2772.48,5652.97
TXN01311,2024-09-09,BESCOM ELECTRICITY BILL,ELECTRICITY,debit,1007.5,24927.17
TXN01314,2024-09-09,TERM INSURANCE HDFC,INSURANCE,debit,4126.76,19468.28
TXN01344,2024-09-10,IMPS DEBIT,TRANSFER_OUT,debit,19509.92,1316.93
TXN01336,2024-09-11,BPCL FUEL PAYMENT,FUEL,debit,1997.57,500.0
TXN01342,2024-09-12,NEFT TRANSFER RECEIVED,TRANSFER_IN,credit,3453.1,22379.39
TXN01340,2024-09-13,ATM CASH HDFC,ATM_WITHDRAW,debit,3112.93,500.0
TXN01320,2024-09-14,ZEPTO ORDER,GROCERY,debit,979.87,9541.07
TXN01333,2024-09-15,AMAZON PURCHASE,SHOPPING,debit,3567.16,500.0
TXN01341,2024-09-15,IMPS CREDIT,TRANSFER_IN,credit,18426.29,18926.29
TXN01331,2024-09-15,MYNTRA SHOPPING,SHOPPING,debit,6848.39,500.0
TXN01310,2024-09-18,CAR LOAN EMI ICICI,EMI_LOAN,debit,8562.15,25934.67
TXN01317,2024-09-18,ZEPTO ORDER,GROCERY,debit,3004.82,13894.14
TXN01315,2024-09-19,SAVINGS INTEREST CREDIT,INTEREST,credit,599.12,20067.4
TXN01335,2024-09-19,INDIAN OIL FUEL,FUEL,debit,1913.77,500.0
TXN01323,2024-09-20,RELIANCE FRESH,GROCERY,debit,2943.87,2709.1
TXN01330,2024-09-22,MYNTRA SHOPPING,SHOPPING,debit,6659.43,500.0
TXN01343,2024-09-24,IMPS DEBIT,TRANSFER_OUT,debit,1552.54,20826.85
TXN01326,2024-09-25,ZOMATO ORDER,RESTAURANT,debit,916.96,500.0
TXN01319,2024-09-25,DMART PURCHASE,GROCERY,debit,1759.48,10520.94
TXN01316,2024-09-25,BIG BAZAAR,GROCERY,debit,3168.44,16898.96
TXN01345,2024-09-26,IMPS DEBIT,TRANSFER_OUT,debit,2654.12,500.0
TXN01339,2024-09-26,ATM CASH HDFC,ATM_WITHDRAW,debit,9578.27,500.0
TXN01327,2024-09-27,SWIGGY DELIVERY,RESTAURANT,debit,1911.08,500.0
TXN01325,2024-09-27,SWIGGY DELIVERY,RESTAURANT,debit,2013.77,500.0
TXN01313,2024-09-28,HOTSTAR SUBSCRIPTION,OTT_SUBS,debit,569.91,23595.04
TXN01318,2024-09-29,BIG BAZAAR,GROCERY,debit,1613.72,12280.42
TXN01332,2024-09-29,AMAZON PURCHASE,SHOPPING,debit,4548.95,500.0
TXN01337,2024-09-30,INDIAN OIL FUEL,FUEL,debit,2771.13,500.0
TXN01375,2024-10-03,INDIAN OIL FUEL,FUEL,debit,1433.27,500.0
TXN01379,2024-10-03,IMPS CREDIT,TRANSFER_IN,credit,6545.8,7045.8
TXN01359,2024-10-06,BIG BAZAAR,GROCERY,debit,891.47,8035.49
TXN01373,2024-10-06,HP PETROL PUMP,FUEL,debit,2413.39,500.0
TXN01378,2024-10-07,ATM WITHDRAWAL SBI,ATM_WITHDRAW,debit,7271.39,500.0
TXN01355,2024-10-07,DMART PURCHASE,GROCERY,debit,1736.77,14245.78
TXN01374,2024-10-08,BPCL FUEL PAYMENT,FUEL,debit,2654.46,500.0
TXN01383,2024-10-08,UPI PAYMENT SENT,TRANSFER_OUT,debit,3386.59,500.0
TXN01365,2024-10-08,ZOMATO ORDER,RESTAURANT,debit,1355.05,500.0
TXN01353,2024-10-09,AMAZON REFUND,REFUND,credit,608.52,19266.16
TXN01366,2024-10-13,RESTAURANT PAYMENT UPI,RESTAURANT,debit,1113.83,500.0
TXN01348,2024-10-14,PERSONAL LOAN EMI,EMI_LOAN,debit,8617.95,23192.46
TXN01349,2024-10-14,BESCOM ELECTRICITY BILL,ELECTRICITY,debit,979.48,22212.98
TXN01371,2024-10-15,FLIPKART ORDER,SHOPPING,debit,4457.36,500.0
TXN01360,2024-10-17,ZEPTO ORDER,GROCERY,debit,2907.34,5128.15
TXN01370,2024-10-18,MYNTRA SHOPPING,SHOPPING,debit,2705.34,500.0
TXN01376,2024-10-19,ATM WITHDRAWAL SBI,ATM_WITHDRAW,debit,7152.0,500.0
TXN01382,2024-10-19,IMPS DEBIT,TRANSFER_OUT,debit,16665.91,500.0
TXN01363,2024-10-20,SWIGGY DELIVERY,RESTAURANT,debit,1255.67,1093.32
TXN01362,2024-10-21,ZOMATO ORDER,RESTAURANT,debit,1384.9,2348.99
TXN01352,2024-10-21,LIC PREMIUM,INSURANCE,debit,2827.57,18657.64
TXN01358,2024-10-22,BLINKIT,GROCERY,debit,1276.24,8926.96
TXN01347,2024-10-22,RENT TRANSFER NEFT,RENT,debit,14732.06,31810.41
TXN01364,2024-10-22,ZOMATO ORDER,RESTAURANT,debit,396.3,697.02
TXN01361,2024-10-22,DMART PURCHASE,GROCERY,debit,1394.26,3733.89
TXN01377,2024-10-23,ATM CASH HDFC,ATM_WITHDRAW,debit,9831.45,500.0
TXN01351,2024-10-23,HOTSTAR SUBSCRIPTION,OTT_SUBS,debit,262.7,21485.21
TXN01381,2024-10-25,IMPS DEBIT,TRANSFER_OUT,debit,20197.99,500.0
TXN01350,2024-10-25,AIRTEL BILL PAYMENT,MOBILE_BILL,debit,465.07,21747.91
TXN01354,2024-10-26,DMART PURCHASE,GROCERY,debit,3283.61,15982.55
TXN01367,2024-10-27,SWIGGY DELIVERY,RESTAURANT,debit,2039.5,500.0
TXN01357,2024-10-27,ZEPTO ORDER,GROCERY,debit,2021.59,10203.2
TXN01356,2024-10-27,ZEPTO ORDER,GROCERY,debit,2020.99,12224.79
TXN01372,2024-10-28,INDIAN OIL FUEL,FUEL,debit,1702.72,500.0
TXN01369,2024-10-29,MYNTRA SHOPPING,SHOPPING,debit,4040.5,500.0
TXN01346,2024-10-29,SALARY CREDIT HDFC BANK,SALARY,credit,46042.47,46542.47
TXN01368,2024-10-30,AMAZON PURCHASE,SHOPPING,debit,1930.16,500.0
TXN01380,2024-10-31,UPI MONEY RECEIVED,TRANSFER_IN,credit,1473.05,8518.85
TXN01413,2024-11-01,BPCL FUEL PAYMENT,FUEL,debit,707.0,500.0
TXN01391,2024-11-02,INTEREST CREDIT SB AC,INTEREST,credit,417.84,26154.99
TXN01412,2024-11-02,BPCL FUEL PAYMENT,FUEL,debit,915.71,500.0
TXN01393,2024-11-02,ZEPTO ORDER,GROCERY,debit,3124.88,21298.09
TXN01390,2024-11-02,LIC PREMIUM,INSURANCE,debit,4687.18,25737.15
TXN01420,2024-11-03,NEFT TRANSFER SENT,TRANSFER_OUT,debit,21196.71,13064.73
TXN01392,2024-11-05,BIG BAZAAR,GROCERY,debit,1732.02,24422.97
TXN01402,2024-11-05,SWIGGY DELIVERY,RESTAURANT,debit,242.3,6448.99
TXN01404,2024-11-06,ZOMATO ORDER,RESTAURANT,debit,354.5,4019.86
TXN01399,2024-11-07,ZEPTO ORDER,GROCERY,debit,1388.66,9750.28
TXN01415,2024-11-08,ATM WITHDRAWAL SBI,ATM_WITHDRAW,debit,5497.55,500.0
TXN01398,2024-11-08,BIG BAZAAR,GROCERY,debit,2686.88,11138.94
TXN01387,2024-11-10,BESCOM ELECTRICITY BILL,ELECTRICITY,debit,828.26,31177.12
TXN01410,2024-11-13,HP PETROL PUMP,FUEL,debit,2595.27,500.0
TXN01396,2024-11-14,BIG BAZAAR,GROCERY,debit,2071.88,14686.49
TXN01400,2024-11-14,SWIGGY DELIVERY,RESTAURANT,debit,2464.13,7286.15
TXN01397,2024-11-18,BIG BAZAAR,GROCERY,debit,860.67,13825.82
TXN01389,2024-11-19,AMAZON PRIME,OTT_SUBS,debit,440.52,30424.33
TXN01394,2024-11-20,BLINKIT,GROCERY,debit,3431.28,17866.81
TXN01388,2024-11-21,JIO RECHARGE,MOBILE_BILL,debit,312.27,30864.85
TXN01406,2024-11-21,AMAZON PURCHASE,SHOPPING,debit,582.47,2093.22
TXN01403,2024-11-21,ZOMATO ORDER,RESTAURANT,debit,2074.63,4374.36
TXN01385,2024-11-22,RENT TRANSFER NEFT,RENT,debit,12614.95,40953.55
TXN01418,2024-11-22,NEFT TRANSFER RECEIVED,TRANSFER_IN,credit,18581.73,36009.84
TXN01417,2024-11-23,UPI MONEY RECEIVED,TRANSFER_IN,credit,16928.11,17428.11
TXN01386,2024-11-23,CAR LOAN EMI ICICI,EMI_LOAN,debit,8948.17,32005.38
TXN01384,2024-11-24,SALARY CREDIT HDFC BANK,SALARY,credit,53068.5,53568.5
TXN01395,2024-11-24,ZEPTO ORDER,GROCERY,debit,1108.44,16758.37
TXN01405,2024-11-25,RESTAURANT PAYMENT UPI,RESTAURANT,debit,1344.17,2675.69
TXN01409,2024-11-25,FLIPKART ORDER,SHOPPING,debit,4207.05,500.0
TXN01414,2024-11-26,ATM WITHDRAWAL AXIS,ATM_WITHDRAW,debit,2546.0,500.0
TXN01419,2024-11-26,IMPS DEBIT,TRANSFER_OUT,debit,1748.4,34261.44
TXN01416,2024-11-27,ATM WITHDRAWAL AXIS,ATM_WITHDRAW,debit,4376.97,500.0
TXN01408,2024-11-27,AMAZON PURCHASE,SHOPPING,debit,4980.6,500.0
TXN01407,2024-11-27,FLIPKART ORDER,SHOPPING,debit,7250.14,500.0
TXN01411,2024-11-28,INDIAN OIL FUEL,FUEL,debit,2427.28,500.0
TXN01401,2024-11-29,RESTAURANT PAYMENT UPI,RESTAURANT,debit,594.86,6691.29
TXN01421,2024-11-30,IMPS DEBIT,TRANSFER_OUT,debit,23925.67,500.0
TXN01458,2024-12-01,IMPS DEBIT,TRANSFER_OUT,debit,6730.65,500.0
TXN01444,2024-12-02,MYNTRA SHOPPING,SHOPPING,debit,7137.49,500.0
TXN01422,2024-12-02,NEFT-EMPLOYER SALARY,SALARY,credit,51233.33,51733.33
TXN01441,2024-12-03,SWIGGY DELIVERY,RESTAURANT,debit,933.93,3779.73
TXN01447,2024-12-04,HP PETROL PUMP,FUEL,debit,2476.81,500.0
TXN01427,2024-12-05,HOTSTAR SUBSCRIPTION,OTT_SUBS,debit,150.17,27909.21
TXN01442,2024-12-07,RESTAURANT PAYMENT UPI,RESTAURANT,debit,285.12,3494.61
TXN01426,2024-12-07,AIRTEL BILL PAYMENT,MOBILE_BILL,debit,336.97,28059.38
TXN01438,2024-12-07,SWIGGY DELIVERY,RESTAURANT,debit,883.9,9268.17
TXN01437,2024-12-07,ZOMATO ORDER,RESTAURANT,debit,278.08,10152.07
TXN01431,2024-12-08,BIG BAZAAR,GROCERY,debit,2525.16,19465.92
TXN01445,2024-12-08,MYNTRA SHOPPING,SHOPPING,debit,3807.74,500.0
TXN01449,2024-12-10,INDIAN OIL FUEL,FUEL,debit,2691.66,500.0
TXN01425,2024-12-11,BESCOM ELECTRICITY BILL,ELECTRICITY,debit,1597.43,28396.35
TXN01446,2024-12-12,AMAZON PURCHASE,SHOPPING,debit,4793.21,500.0
TXN01448,2024-12-13,HP PETROL PUMP,FUEL,debit,2064.73,500.0
TXN01452,2024-12-13,ATM WITHDRAWAL AXIS,ATM_WITHDRAW,debit,5071.71,500.0
TXN01430,2024-12-15,ZEPTO ORDER,GROCERY,debit,1034.1,21991.08
TXN01435,2024-12-15,BIG BAZAAR,GROCERY,debit,919.25,12730.83
TXN01455,2024-12-16,IMPS CREDIT,TRANSFER_IN,credit,21968.25,24370.57
TXN01429,2024-12-17,BIG BAZAAR,GROCERY,debit,3365.64,23025.18
TXN01424,2024-12-17,EMI HDFC HOME LOAN,EMI_LOAN,debit,8706.4,29993.78
TXN01433,2024-12-18,ZEPTO ORDER,GROCERY,debit,2121.45,14589.39
TXN01423,2024-12-21,HOUSE RENT PAYMENT UPI,RENT,debit,13033.15,38700.18
TXN01436,2024-12-23,DMART PURCHASE,GROCERY,debit,2300.68,10430.15
TXN01432,2024-12-23,BIG BAZAAR,GROCERY,debit,2755.08,16710.84
TXN01450,2024-12-23,INDIAN OIL FUEL,FUEL,debit,1654.86,500.0
TXN01443,2024-12-24,AMAZON PURCHASE,SHOPPING,debit,2225.07,1269.54
TXN01456,2024-12-25,NEFT TRANSFER SENT,TRANSFER_OUT,debit,19438.56,4932.01
TXN01434,2024-12-26,DMART PURCHASE,GROCERY,debit,939.31,13650.08
TXN01439,2024-12-27,SWIGGY DELIVERY,RESTAURANT,debit,2371.81,6896.36
TXN01453,2024-12-27,ATM WITHDRAWAL SBI,ATM_WITHDRAW,debit,9983.47,500.0
TXN01454,2024-12-29,NEFT TRANSFER RECEIVED,TRANSFER_IN,credit,1902.32,2402.32
TXN01451,2024-12-30,ATM WITHDRAWAL SBI,ATM_WITHDRAW,debit,2001.9,500.0
TXN01428,2024-12-30,HEALTH INSURANCE BAJAJ,INSURANCE,debit,1518.39,26390.82
TXN01457,2024-12-31,NEFT TRANSFER SENT,TRANSFER_OUT,debit,11112.57,500.0
TXN01440,2024-12-31,RESTAURANT PAYMENT UPI,RESTAURANT,debit,2182.7,4713.66
